<?xml version="1.0" encoding="UTF-8"?>
<beans xmlns="http://www.springframework.org/schema/beans"
	xmlns:xsi="http://www.w3.org/2001/XMLSchema-instance"
	xmlns:context="http://www.springframework.org/schema/context"
	xmlns:tx="http://www.springframework.org/schema/tx"
	xsi:schemaLocation="http://www.springframework.org/schema/beans http://www.springframework.org/schema/beans/spring-beans.xsd
			http://www.springframework.org/schema/context http://www.springframework.org/schema/context/spring-context.xsd
		http://www.springframework.org/schema/tx http://www.springframework.org/schema/tx/spring-tx-4.0.xsd">

	<bean id="dataSource"
		class="org.springframework.jdbc.datasource.DriverManagerDataSource">
		<property name="driverClassName"
			value="oracle.jdbc.driver.OracleDriver" />
		<property name="url"
			value="jdbc:oracle:thin:@localhost:1521/xe" />
		<property name="username" value="hr" />
		<property name="password" value="hr" />
	</bean>
	
	<bean id="sessionFactory"
		class="org.springframework.orm.hibernate4.LocalSessionFactoryBean">
		<property name="dataSource" ref="dataSource" />
		<property name="annotatedClasses">
		
			<list>
				<value>com.lnt.mvc.model.Person</value>
			</list>
		</property>
		<property name="hibernateProperties">
			<props>
				<prop key="hibernate.dialect">org.hibernate.dialect.Oracle10gDialect
				</prop>

				<prop key="hibernate.hbm2ddl.auto">create</prop>
				<prop key="hibernate.show_sql">true</prop>
			</props>
		</property>
	</bean>
	<bean id="sessionFactory"
		class="org.springframework.orm.hibernate4.LocalSessionFactoryBean">
		<property name="dataSource" ref="dataSource" />
		<property name="annotatedClasses">
	<list>
				<value>com.lnt.mvc.model.EmployeeDetails</value>
			</list>
		</property>
		<property name="hibernateProperties">
			<props>
				<prop key="hibernate.dialect">org.hibernate.dialect.Oracle10gDialect
				</prop>

				<prop key="hibernate.hbm2ddl.auto">create</prop>
				<prop key="hibernate.show_sql">true</prop>
			</props>
		</property>
	</bean>

	<bean id="personDao" class="com.lnt.mvc.dao.PersonDaoImpl">
		<property name="sessionFactory" ref="sessionFactory" />
	</bean>
	<bean id="employeeDao" class="com.lnt.mvc.dao.EmployeeDetailDaoImp">
		<property name="sessionFactory" ref="sessionFactory" />
	</bean>
	<bean id="personService"
		class="com.lnt.mvc.service.PersonServiceImpl">
		<property name="personDao" ref="personDao"></property>
	</bean>
	<bean id="employeeService"
		class="com.lnt.mvc.service.EmployeeServiceImpl">
		<property name="employeeService" ref="employeeDao"></property>
	</bean>
	<bean id="transactionManager"
		class="org.springframework.orm.hibernate4.HibernateTransactionManager">
		<property name="sessionFactory" ref="sessionFactory" />
	</bean>
	<tx:annotation-driven
		transaction-manager="transactionManager" />
</beans>
